Technicien	position
Support	position
Hotline	position
Niveau	position
2	position
-LRB-	O
Expert	O
-RRB-	O
-LRB-	O
H/F	O
-RRB-	O
dormakaba	company
France	company
-	O
Le	city
Mesnil-Saint-Denis	city
-LRB-	O
78	code postal
-RRB-	O
25	salary
0	salary
$	salary
-	O
30	salary
0	salary
$	salary
par	salary
an	salary
Le	O
poste	O
à	O
pourvoir	O
Au	O
sein	O
de	O
la	O
direction	O
des	O
services	O
et	O
rattaché	O
au	O
Responsable	O
support	O
Clients	O
,	O
vous	hard skills
serez	hard skills
en	hard skills
charge	hard skills
du	hard skills
suivi	hard skills
et	hard skills
de	hard skills
l'expertise	hard skills
des	hard skills
produits	hard skills
contrôles	hard skills
d'accès	hard skills
hébergement	hard skills
-LRB-	O
serrure	hard skills
hôtelière	hard skills
à	hard skills
carte	hard skills
et	hard skills
à	hard skills
code	hard skills
/	O
logiciels	hard skills
et	hard skills
bases	hard skills
de	hard skills
données	hard skills
associées	hard skills
...	O
-RRB-	
.	O
Vous	hard skills
serez	hard skills
le	hard skills
-LRB-	
la	hard skills
-RRB-	O
référent	hard skills
-LRB-	
e	hard skills
-RRB-	O
de	hard skills
cette	hard skills
gamme	hard skills
produit	hard skills
auprès	hard skills
des	hard skills
équipes	hard skills
technique	hard skills
interne	hard skills
-LRB-	
environ	hard skills
30	hard skills
pers	hard skills
-RRB-	
,	
filiale	hard skills
et	hard skills
entité	hard skills
du	hard skills
groupe	hard skills
dormakaba	hard skills
export	hard skills
.	O
Principales	hard skills
missions	hard skills
Vous	hard skills
réalisez	hard skills
ou	hard skills
pilotez	hard skills
les	hard skills
tâches	hard skills
suivantes	hard skills
:	O
La	hard skills
formation	hard skills
des	hard skills
équipes	hard skills
dormakaba	hard skills
national	hard skills
et	hard skills
international	hard skills
pour	hard skills
certaines	hard skills
gammes	hard skills
produits	hard skills
.	O
La	hard skills
rédaction	hard skills
des	hard skills
documents	hard skills
de	hard skills
la	hard skills
base	hard skills
de	hard skills
connaissance	hard skills
.	
Le	hard skills
support	hard skills
des	hard skills
équipes	hard skills
dormakaba	hard skills
et	hard skills
client	hard skills
au	hard skills
quotidien	hard skills
.	O
Le	hard skills
support	hard skills
avant-vente	hard skills
et	hard skills
prescriptions	hard skills
technique	hard skills
,	
préconisation	hard skills
d'implantation	hard skills
matériel	hard skills
.	
La	hard skills
mise	hard skills
en	hard skills
service	hard skills
des	hard skills
installations	hard skills
clients	hard skills
en	hard skills
soutient	hard skills
de	hard skills
l'équipe	hard skills
projets	hard skills
.	O
La	hard skills
remontée	hard skills
les	hard skills
incidents	hard skills
produits	hard skills
auprès	hard skills
des	hard skills
usines	hard skills
et	hard skills
R&D.	hard skills
";"	O
Spécificités	hard skills
du	hard skills
poste	hard skills
:	O
Amplitude	hard skills
jours	hard skills
travaillés	hard skills
:	O
du	hard skills
lundi	hard skills
au	hard skills
samedi	hard skills
*	O
Déplacement	hard skills
à	hard skills
l'étranger	hard skills
à	hard skills
prévoir	hard skills
Astreinte	hard skills
téléphonique	
Salaire	
fixe	
+	O
prime	O
objectif	O
Profil	O
recherché	O
Vous	O
disposez	O
:	O
De	hard skills
bonnes	hard skills
connaissances	hard skills
des	hard skills
environnements	hard skills
Microsoft	hard skills
Windows	hard skills
Et	hard skills
savez	hard skills
administrer	hard skills
des	hard skills
périphériques	hard skills
sur	hard skills
environnements	hard skills
Windows	hard skills
,	O
Unix	hard skills
,	O
Linux	hard skills
De	hard skills
bonnes	hard skills
connaissance	hard skills
en	hard skills
informatique	hard skills
et	hard skills
réseau	hard skills
qui	hard skills
vous	hard skills
permettront	hard skills
d'implanter	hard skills
nos	hard skills
solutions	hard skills
logiciels	hard skills
dans	hard skills
tous	hard skills
les	hard skills
environnements	hard skills
.	O
De	hard skills
bonnes	hard skills
connaissances	hard skills
électronique	hard skills
et	hard skills
courant	hard skills
faible	hard skills
qui	hard skills
vous	hard skills
permettrons	hard skills
d'appréhender	hard skills
le	hard skills
fonctionnement	hard skills
des	hard skills
serrures	hard skills
électronique	hard skills
et	hard skills
leur	hard skills
implantation	hard skills
dans	hard skills
l'environnement	hard skills
du	hard skills
client	hard skills
,	O
mais	hard skills
également	hard skills
participer	hard skills
à	hard skills
la	hard skills
conception	hard skills
sur	hard skills
les	hard skills
projets	hard skills
client	hard skills
UCH	hard skills
-LRB-	O
Upper	hard skills
Classe	hard skills
Hôtel	hard skills
-RRB-	O
dit	hard skills
``	O
sur	hard skills
mesure	hard skills
''	O
.	O
D'un	hard skills
anglais	hard skills
très	hard skills
avancé	hard skills
,	O
impératif	hard skills
pour	hard skills
le	hard skills
soutien	hard skills
des	hard skills
équipes	hard skills
à	hard skills
l'international	hard skills
Du	hard skills
Permis	hard skills
B	hard skills
et	hard skills
d'un	hard skills
véhicule	hard skills
personnel	hard skills
Type	O
d'emploi	O
:	O
Temps	contrat_type
plein	contrat_type
Salaire	O
:	O
25	salary
0	salary
$	salary
à	O
30	salary
0	salary
$	salary
/	O
an	salary
Localisation	O
du	O
poste	O
:	O
78320	code postal
Le	city
Mesnil-Saint-Denis	city
Expérience	O
exigée	O
:	O
environnements	experience
Microsoft	experience
Window	experience
,	O
informatique	experience
et	experience
réseau	experience
:	O
2	experience
ans	experience
Langue	O
exigée	O
:	O
anglais	hard skills
