Commercial	position
B	position
to	position
B	position
H/F	O
Exclusive	company
Media	company
-	O
Paris	city
-LRB-	O
75	O
-RRB-	O
35	salary
0	salary
$	salary
-	salary
45	salary
0	salary
$	salary
par	O
an	O
Editeur	O
de	O
magazines	O
et	O
acteur	O
majeur	O
sur	O
les	O
sites	O
immobiliers	O
complète	O
son	O
équipe	O
commerciale	O
sur	O
Paris	O
et	O
Ile	O
de	O
France	O
.	O
Rattaché	O
-LRB-	O
e	O
-RRB-	O
au	O
directeur	O
commercial	O
,	O
vous	O
êtes	O
en	O
charge	O
du	O
développement	O
d'une	O
clientèle	O
de	O
professionnels	O
et	O
de	O
la	O
commercialisation	O
de	O
nos	O
packs	O
Web	O
et	O
Print	O
.	O
Votre	O
capacité	O
à	O
prospecter	O
,	O
convaincre	O
,	O
fidéliser	O
au	O
travers	O
de	O
supports	O
efficaces	O
&	O
adaptés	O
sera	O
la	O
clé	O
de	O
votre	O
réussite	O
.	O
Au	O
delà	O
de	O
votre	O
formation	O
,	O
vous	O
avez	O
3	experience
ans	experience
minimum	O
d'expérience	O
commerciale	O
réussie	O
-LRB-	O
BtoB	O
-RRB-	O
indispensable	O
-	O
connaissance	O
secteur	O
publicitaire	O
non	O
exigée	O
.	O
Rémunération	O
motivante	O
,	O
non	O
plafonnée	O
:	O
Fixe	O
+	O
variable	O
+	O
frais	O
Plusieurs	O
postes	O
à	O
pourvoir	O
sur	O
les	O
départements	O
Paris	O
et	O
limitrophes	O
-LRB-	O
78,92	O
,	O
...	O
-RRB-	O
Type	O
d'emploi	O
:	O
Temps	contract_type
plein	contract_type
Salaire	O
:	O
35	O
0	O
$	O
à	O
45	O
0	O
$	O
/	O
an	O
